lamb_mzae_re,lamb_wm_re,lamb_mzae_img,lamb_wm_img
-0.00015469154,0.00041799384,0.17935215,0.17881946
-0.00015469154,0.00041799384,-0.17935215,-0.17881946
