lamb_mzae_re,lamb_wm_re,lamb_mzae_img,lamb_wm_img
-0.0010921062,-0.0010921062,0.0,0.0
-0.005056014,-0.005056014,0.0019229007,0.0019229007
-0.005056014,-0.005056014,-0.0019229007,-0.0019229007
-0.0109216655,-0.0109216655,0.012802618,0.012802618
-0.0109216655,-0.0109216655,-0.012802618,-0.012802618
-0.029203426,-0.029203426,0.0,0.0
-0.059130456,-0.059130456,0.0,0.0
-0.072241254,-0.072241254,0.0,0.0
